,CaptureEventID,Date,Time (24 hour),Month (1=Jan.),Year,Species,Number Of Animals,Standing,Resting,Moving,Eating,Interacting,Babies,Camera Site,Longitude (m),Latitude (m),Habitat,Amount of Shade,Distance to River (m),Distance to Confluence (m),Distance to Kopje (m),Tree Density Measure,Lion Risk (Wet),Lion Risk (Dry),Greeness (Wet),Greeness (Dry),Camera Mount
1,ASG0002kjm,7/24/10,8:20:10 AM,7,2010,gazelleGrants,1,0,0,1,0,0,0,B04,695238,9729497,Dense Woodland,3,1649.2395,2218.615169,6847.218456,7.285714286,0.000496262,0.000477992,5979.5,3844,Tree
2,ASG0002kjn,7/24/10,10:14:32 AM,7,2010,reedbuck,1,1,0,0,0,0,0,B04,695238,9729497,Dense Woodland,3,1649.2395,2218.615169,6847.218456,7.285714286,0.000496262,0.000477992,5979.5,3844,Tree
3,ASG0002kjo,7/30/10,3:59:42 AM,7,2010,dikDik,1,1,0,0,0,0,0,B04,695238,9729497,Dense Woodland,3,1649.2395,2218.615169,6847.218456,7.285714286,0.000496262,0.000477992,5979.5,3844,Tree
4,ASG0002kjp,7/30/10,5:20:22 AM,7,2010,zebra,1,1,0,0,0,0,0,B04,695238,9729497,Dense Woodland,3,1649.2395,2218.615169,6847.218456,7.285714286,0.000496262,0.000477992,5979.5,3844,Tree
5,ASG0002kjs,7/30/10,8:57:28 PM,7,2010,zebra,1,0,0,0,1,0,0,B04,695238,9729497,Dense Woodland,3,1649.2395,2218.615169,6847.218456,7.285714286,0.000496262,0.000477992,5979.5,3844,Tree
6,ASG0002kjt,8/1/10,5:35:58 PM,8,2010,gazelleGrants,3,0,0,0,0,0,0,B04,695238,9729497,Dense Woodland,3,1649.2395,2218.615169,6847.218456,7.285714286,0.000496262,0.000477992,5979.5,3844,Tree
7,ASG0002kjx,8/5/10,2:24:04 AM,8,2010,zebra,1,1,0,0,0,0,0,B04,695238,9729497,Dense Woodland,3,1649.2395,2218.615169,6847.218456,7.285714286,0.000496262,0.000477992,5979.5,3844,Tree
8,ASG0002kk0,8/5/10,2:57:04 AM,8,2010,zebra,1,1,0,0,0,0,0,B04,695238,9729497,Dense Woodland,3,1649.2395,2218.615169,6847.218456,7.285714286,0.000496262,0.000477992,5979.5,3844,Tree
9,ASG0002kk9,8/20/10,3:37:00 AM,8,2010,porcupine,1,0,0,1,0,0,0,B04,695238,9729497,Dense Woodland,3,1649.2395,2218.615169,6847.218456,7.285714286,0.000496262,0.000477992,5979.5,3844,Tree
10,ASG0000002,7/20/10,3:19:52 PM,7,2010,gazelleThomsons,1,0,0,0,1,0,0,B05,694892,9727162,Open Woodland/Shrubs,1.5,1013.889717,699.7965626,5742.552009,5,0.0005352,0.000582477,6215.944444,3936.333333,Tree
11,ASG0000007,7/22/10,9:47:26 AM,7,2010,gazelleThomsons,1,0,0,0,1,0,0,B05,694892,9727162,Open Woodland/Shrubs,1.5,1013.889717,699.7965626,5742.552009,5,0.0005352,0.000582477,6215.944444,3936.333333,Tree
12,ASG0000009,7/27/10,12:54:32 AM,7,2010,hyenaSpotted,1,0,0,1,0,0,0,B05,694892,9727162,Open Woodland/Shrubs,1.5,1013.889717,699.7965626,5742.552009,5,0.0005352,0.000582477,6215.944444,3936.333333,Tree
13,ASG000000a,7/27/10,6:01:46 PM,7,2010,warthog,1,0,0,0,0,0,0,B05,694892,9727162,Open Woodland/Shrubs,1.5,1013.889717,699.7965626,5742.552009,5,0.0005352,0.000582477,6215.944444,3936.333333,Tree
14,ASG000000d,7/28/10,5:28:34 PM,7,2010,impala,1,0,0,0,1,0,0,B05,694892,9727162,Open Woodland/Shrubs,1.5,1013.889717,699.7965626,5742.552009,5,0.0005352,0.000582477,6215.944444,3936.333333,Tree
15,ASG000000e,7/28/10,6:04:14 PM,7,2010,impala,1,1,0,0,0,0,0,B05,694892,9727162,Open Woodland/Shrubs,1.5,1013.889717,699.7965626,5742.552009,5,0.0005352,0.000582477,6215.944444,3936.333333,Tree
16,ASG000000f,7/30/10,4:56:56 PM,7,2010,zebra,2,0,0,0,1,0,0,B05,694892,9727162,Open Woodland/Shrubs,1.5,1013.889717,699.7965626,5742.552009,5,0.0005352,0.000582477,6215.944444,3936.333333,Tree
17,ASG000000m,7/30/10,5:29:28 PM,7,2010,zebra,2,0,0,0,1,0,0,B05,694892,9727162,Open Woodland/Shrubs,1.5,1013.889717,699.7965626,5742.552009,5,0.0005352,0.000582477,6215.944444,3936.333333,Tree
18,ASG000000p,8/1/10,4:28:26 PM,8,2010,zebra,1,0,0,0,0,0,0,B05,694892,9727162,Open Woodland/Shrubs,1.5,1013.889717,699.7965626,5742.552009,5,0.0005352,0.000582477,6215.944444,3936.333333,Tree
19,ASG000000t,8/4/10,8:43:14 AM,8,2010,elephant,8,0,0,1,0,0,0,B05,694892,9727162,Open Woodland/Shrubs,1.5,1013.889717,699.7965626,5742.552009,5,0.0005352,0.000582477,6215.944444,3936.333333,Tree
20,ASG000000v,8/7/10,7:05:38 AM,8,2010,gazelleThomsons,1,0,0,0,1,0,0,B05,694892,9727162,Open Woodland/Shrubs,1.5,1013.889717,699.7965626,5742.552009,5,0.0005352,0.000582477,6215.944444,3936.333333,Tree
21,ASG000000w,8/7/10,8:07:30 PM,8,2010,hyenaSpotted,1,0,0,1,0,0,0,B05,694892,9727162,Open Woodland/Shrubs,1.5,1013.889717,699.7965626,5742.552009,5,0.0005352,0.000582477,6215.944444,3936.333333,Tree
22,ASG000000x,8/7/10,8:52:18 PM,8,2010,zebra,1,0,0,1,0,0,0,B05,694892,9727162,Open Woodland/Shrubs,1.5,1013.889717,699.7965626,5742.552009,5,0.0005352,0.000582477,6215.944444,3936.333333,Tree
23,ASG000000y,8/9/10,3:08:18 AM,8,2010,hyenaSpotted,1,0,0,1,0,0,0,B05,694892,9727162,Open Woodland/Shrubs,1.5,1013.889717,699.7965626,5742.552009,5,0.0005352,0.000582477,6215.944444,3936.333333,Tree
24,ASG000000z,8/9/10,4:07:20 AM,8,2010,aardvark,1,0,0,0,0,0,0,B05,694892,9727162,Open Woodland/Shrubs,1.5,1013.889717,699.7965626,5742.552009,5,0.0005352,0.000582477,6215.944444,3936.333333,Tree
25,ASG0000010,8/9/10,4:05:02 PM,8,2010,zebra,1,0,0,1,0,0,0,B05,694892,9727162,Open Woodland/Shrubs,1.5,1013.889717,699.7965626,5742.552009,5,0.0005352,0.000582477,6215.944444,3936.333333,Tree
26,ASG0002kke,8/12/10,3:52:24 AM,8,2010,giraffe,1,0,0,1,0,0,0,B05,694892,9727162,Open Woodland/Shrubs,1.5,1013.889717,699.7965626,5742.552009,5,0.0005352,0.000582477,6215.944444,3936.333333,Tree
27,ASG0002kkj,8/14/10,7:27:22 AM,8,2010,gazelleThomsons,1,0,0,0,1,0,0,B05,694892,9727162,Open Woodland/Shrubs,1.5,1013.889717,699.7965626,5742.552009,5,0.0005352,0.000582477,6215.944444,3936.333333,Tree
28,ASG0002kkm,8/17/10,10:10:02 PM,8,2010,gazelleThomsons,1,1,0,0,0,0,0,B05,694892,9727162,Open Woodland/Shrubs,1.5,1013.889717,699.7965626,5742.552009,5,0.0005352,0.000582477,6215.944444,3936.333333,Tree
29,ASG0002kkn,8/22/10,2:40:52 AM,8,2010,hyenaSpotted,1,0,0,1,0,0,0,B05,694892,9727162,Open Woodland/Shrubs,1.5,1013.889717,699.7965626,5742.552009,5,0.0005352,0.000582477,6215.944444,3936.333333,Tree
30,ASG0002kko,8/23/10,10:20:36 AM,8,2010,mongoose,1,0,0,1,0,0,0,B05,694892,9727162,Open Woodland/Shrubs,1.5,1013.889717,699.7965626,5742.552009,5,0.0005352,0.000582477,6215.944444,3936.333333,Tree
31,ASG0002kkq,8/24/10,3:22:40 AM,8,2010,giraffe,1,0,0,1,0,0,0,B05,694892,9727162,Open Woodland/Shrubs,1.5,1013.889717,699.7965626,5742.552009,5,0.0005352,0.000582477,6215.944444,3936.333333,Tree
32,ASG0002kkx,8/27/10,4:53:54 AM,8,2010,giraffe,1,0,0,1,0,0,0,B05,694892,9727162,Open Woodland/Shrubs,1.5,1013.889717,699.7965626,5742.552009,5,0.0005352,0.000582477,6215.944444,3936.333333,Tree
33,ASG0002kky,8/27/10,6:47:34 AM,8,2010,reedbuck,1,0,0,1,0,0,0,B05,694892,9727162,Open Woodland/Shrubs,1.5,1013.889717,699.7965626,5742.552009,5,0.0005352,0.000582477,6215.944444,3936.333333,Tree
34,ASG0002kkz,8/28/10,7:06:44 AM,8,2010,gazelleThomsons,1,0,0,1,0,0,0,B05,694892,9727162,Open Woodland/Shrubs,1.5,1013.889717,699.7965626,5742.552009,5,0.0005352,0.000582477,6215.944444,3936.333333,Tree
35,ASG0002kl0,8/28/10,7:49:30 PM,8,2010,hyenaSpotted,1,0,0,1,0,0,0,B05,694892,9727162,Open Woodland/Shrubs,1.5,1013.889717,699.7965626,5742.552009,5,0.0005352,0.000582477,6215.944444,3936.333333,Tree
36,ASG0002kl1,8/29/10,11:26:44 PM,8,2010,hyenaSpotted,1,0,0,1,0,0,0,B05,694892,9727162,Open Woodland/Shrubs,1.5,1013.889717,699.7965626,5742.552009,5,0.0005352,0.000582477,6215.944444,3936.333333,Tree
37,ASG0002kl2,8/30/10,8:47:10 AM,8,2010,zebra,4,0,0,0,1,0,0,B05,694892,9727162,Open Woodland/Shrubs,1.5,1013.889717,699.7965626,5742.552009,5,0.0005352,0.000582477,6215.944444,3936.333333,Tree
38,ASG0002kl3,9/1/10,4:45:06 AM,9,2010,gazelleThomsons,1,0,0,1,0,0,0,B05,694892,9727162,Open Woodland/Shrubs,1.5,1013.889717,699.7965626,5742.552009,5,0.0005352,0.000582477,6215.944444,3936.333333,Tree
39,ASG0002kl4,9/1/10,4:08:50 PM,9,2010,zebra,2,0,0,1,0,0,0,B05,694892,9727162,Open Woodland/Shrubs,1.5,1013.889717,699.7965626,5742.552009,5,0.0005352,0.000582477,6215.944444,3936.333333,Tree
40,ASG0002kl6,9/2/10,1:31:22 PM,9,2010,elephant,2,0,0,1,0,0,1,B05,694892,9727162,Open Woodland/Shrubs,1.5,1013.889717,699.7965626,5742.552009,5,0.0005352,0.000582477,6215.944444,3936.333333,Tree
41,ASG0002kl7,9/2/10,3:51:32 PM,9,2010,impala,1,0,0,1,0,0,0,B05,694892,9727162,Open Woodland/Shrubs,1.5,1013.889717,699.7965626,5742.552009,5,0.0005352,0.000582477,6215.944444,3936.333333,Tree
42,ASG0002kl9,9/2/10,8:16:00 PM,9,2010,dikDik,1,0,0,1,0,0,0,B05,694892,9727162,Open Woodland/Shrubs,1.5,1013.889717,699.7965626,5742.552009,5,0.0005352,0.000582477,6215.944444,3936.333333,Tree
43,ASG0002kla,9/3/10,4:41:18 PM,9,2010,impala,1,1,0,0,0,0,0,B05,694892,9727162,Open Woodland/Shrubs,1.5,1013.889717,699.7965626,5742.552009,5,0.0005352,0.000582477,6215.944444,3936.333333,Tree
44,ASG0002klb,9/4/10,10:32:14 AM,9,2010,impala,2,1,0,0,0,0,0,B05,694892,9727162,Open Woodland/Shrubs,1.5,1013.889717,699.7965626,5742.552009,5,0.0005352,0.000582477,6215.944444,3936.333333,Tree
45,ASG0002klc,9/4/10,11:54:36 AM,9,2010,elephant,2,0,0,1,0,0,0,B05,694892,9727162,Open Woodland/Shrubs,1.5,1013.889717,699.7965626,5742.552009,5,0.0005352,0.000582477,6215.944444,3936.333333,Tree
46,ASG0002klg,9/7/10,9:12:18 AM,9,2010,gazelleThomsons,1,0,0,0,1,0,0,B05,694892,9727162,Open Woodland/Shrubs,1.5,1013.889717,699.7965626,5742.552009,5,0.0005352,0.000582477,6215.944444,3936.333333,Tree
47,ASG0002kli,9/9/10,8:40:12 AM,9,2010,gazelleThomsons,1,0,0,0,1,0,0,B05,694892,9727162,Open Woodland/Shrubs,1.5,1013.889717,699.7965626,5742.552009,5,0.0005352,0.000582477,6215.944444,3936.333333,Tree
48,ASG0002kln,9/10/10,4:39:52 PM,9,2010,gazelleThomsons,1,0,0,0,0,0,0,B05,694892,9727162,Open Woodland/Shrubs,1.5,1013.889717,699.7965626,5742.552009,5,0.0005352,0.000582477,6215.944444,3936.333333,Tree
49,ASG0002klp,9/11/10,7:16:12 AM,9,2010,gazelleThomsons,2,0,0,0,1,0,0,B05,694892,9727162,Open Woodland/Shrubs,1.5,1013.889717,699.7965626,5742.552009,5,0.0005352,0.000582477,6215.944444,3936.333333,Tree
50,ASG0002klq,9/11/10,7:59:30 AM,9,2010,gazelleThomsons,4,0,0,0,1,0,0,B05,694892,9727162,Open Woodland/Shrubs,1.5,1013.889717,699.7965626,5742.552009,5,0.0005352,0.000582477,6215.944444,3936.333333,Tree
51,ASG0002klu,9/11/10,6:50:52 PM,9,2010,gazelleThomsons,1,1,0,0,0,0,0,B05,694892,9727162,Open Woodland/Shrubs,1.5,1013.889717,699.7965626,5742.552009,5,0.0005352,0.000582477,6215.944444,3936.333333,Tree
52,ASG0002kly,9/12/10,11:42:08 AM,9,2010,giraffe,1,0,0,1,0,0,0,B05,694892,9727162,Open Woodland/Shrubs,1.5,1013.889717,699.7965626,5742.552009,5,0.0005352,0.000582477,6215.944444,3936.333333,Tree
53,ASG0002klz,9/12/10,5:24:18 PM,9,2010,gazelleThomsons,1,0,0,0,1,0,0,B05,694892,9727162,Open Woodland/Shrubs,1.5,1013.889717,699.7965626,5742.552009,5,0.0005352,0.000582477,6215.944444,3936.333333,Tree
54,ASG0002km1,9/12/10,11:56:36 PM,9,2010,gazelleThomsons,1,0,0,0,1,0,0,B05,694892,9727162,Open Woodland/Shrubs,1.5,1013.889717,699.7965626,5742.552009,5,0.0005352,0.000582477,6215.944444,3936.333333,Tree
55,ASG0002km4,9/14/10,9:55:06 AM,9,2010,gazelleThomsons,1,0,0,0,1,0,0,B05,694892,9727162,Open Woodland/Shrubs,1.5,1013.889717,699.7965626,5742.552009,5,0.0005352,0.000582477,6215.944444,3936.333333,Tree
56,ASG0002kmb,9/15/10,7:51:28 AM,9,2010,zebra,2,0,0,0,1,0,0,B05,694892,9727162,Open Woodland/Shrubs,1.5,1013.889717,699.7965626,5742.552009,5,0.0005352,0.000582477,6215.944444,3936.333333,Tree
57,ASG0002kmg,9/15/10,5:30:24 PM,9,2010,zebra,1,0,0,1,0,0,0,B05,694892,9727162,Open Woodland/Shrubs,1.5,1013.889717,699.7965626,5742.552009,5,0.0005352,0.000582477,6215.944444,3936.333333,Tree
58,ASG0002kmj,9/16/10,12:36:48 AM,9,2010,gazelleThomsons,1,0,0,1,0,0,0,B05,694892,9727162,Open Woodland/Shrubs,1.5,1013.889717,699.7965626,5742.552009,5,0.0005352,0.000582477,6215.944444,3936.333333,Tree
59,ASG0002kmk,9/17/10,6:45:48 AM,9,2010,gazelleThomsons,2,0,0,0,1,0,0,B05,694892,9727162,Open Woodland/Shrubs,1.5,1013.889717,699.7965626,5742.552009,5,0.0005352,0.000582477,6215.944444,3936.333333,Tree
60,ASG0002kmp,9/17/10,9:39:12 PM,9,2010,gazelleThomsons,1,0,0,1,0,0,0,B05,694892,9727162,Open Woodland/Shrubs,1.5,1013.889717,699.7965626,5742.552009,5,0.0005352,0.000582477,6215.944444,3936.333333,Tree
61,ASG0002kmq,9/18/10,1:22:06 AM,9,2010,gazelleThomsons,1,1,0,0,0,0,0,B05,694892,9727162,Open Woodland/Shrubs,1.5,1013.889717,699.7965626,5742.552009,5,0.0005352,0.000582477,6215.944444,3936.333333,Tree
62,ASG0002kmr,9/18/10,6:06:26 AM,9,2010,gazelleThomsons,1,0,0,0,1,0,0,B05,694892,9727162,Open Woodland/Shrubs,1.5,1013.889717,699.7965626,5742.552009,5,0.0005352,0.000582477,6215.944444,3936.333333,Tree
63,ASG0002kmu,9/18/10,6:51:18 AM,9,2010,gazelleThomsons,3,0,0,0,1,0,0,B05,694892,9727162,Open Woodland/Shrubs,1.5,1013.889717,699.7965626,5742.552009,5,0.0005352,0.000582477,6215.944444,3936.333333,Tree
64,ASG0002kmw,9/18/10,7:24:30 AM,9,2010,gazelleThomsons,1,0,0,0,1,0,0,B05,694892,9727162,Open Woodland/Shrubs,1.5,1013.889717,699.7965626,5742.552009,5,0.0005352,0.000582477,6215.944444,3936.333333,Tree
65,ASG0002kmx,9/19/10,6:01:34 PM,9,2010,gazelleThomsons,1,0,0,0,0,0,0,B05,694892,9727162,Open Woodland/Shrubs,1.5,1013.889717,699.7965626,5742.552009,5,0.0005352,0.000582477,6215.944444,3936.333333,Tree
66,ASG0002kmy,9/20/10,12:04:34 AM,9,2010,giraffe,1,0,0,1,0,0,0,B05,694892,9727162,Open Woodland/Shrubs,1.5,1013.889717,699.7965626,5742.552009,5,0.0005352,0.000582477,6215.944444,3936.333333,Tree
67,ASG0002kmz,9/20/10,4:13:16 AM,9,2010,giraffe,1,0,0,1,0,0,0,B05,694892,9727162,Open Woodland/Shrubs,1.5,1013.889717,699.7965626,5742.552009,5,0.0005352,0.000582477,6215.944444,3936.333333,Tree
68,ASG0002kn0,9/20/10,7:21:16 PM,9,2010,buffalo,1,0,0,1,0,0,0,B05,694892,9727162,Open Woodland/Shrubs,1.5,1013.889717,699.7965626,5742.552009,5,0.0005352,0.000582477,6215.944444,3936.333333,Tree
69,ASG0002kn2,9/21/10,8:17:42 AM,9,2010,zebra,1,0,0,1,0,0,0,B05,694892,9727162,Open Woodland/Shrubs,1.5,1013.889717,699.7965626,5742.552009,5,0.0005352,0.000582477,6215.944444,3936.333333,Tree
70,ASG0002kn3,9/21/10,1:56:22 PM,9,2010,zebra,3,0,0,1,0,0,0,B05,694892,9727162,Open Woodland/Shrubs,1.5,1013.889717,699.7965626,5742.552009,5,0.0005352,0.000582477,6215.944444,3936.333333,Tree
71,ASG0002kn6,9/22/10,11:44:28 PM,9,2010,hyenaSpotted,1,0,0,1,0,0,0,B05,694892,9727162,Open Woodland/Shrubs,1.5,1013.889717,699.7965626,5742.552009,5,0.0005352,0.000582477,6215.944444,3936.333333,Tree
72,ASG0002kn7,9/23/10,7:27:38 AM,9,2010,hartebeest,1,0,0,0,0,0,0,B05,694892,9727162,Open Woodland/Shrubs,1.5,1013.889717,699.7965626,5742.552009,5,0.0005352,0.000582477,6215.944444,3936.333333,Tree
73,ASG0002kn9,9/24/10,5:33:32 PM,9,2010,zebra,1,0,0,1,0,0,0,B05,694892,9727162,Open Woodland/Shrubs,1.5,1013.889717,699.7965626,5742.552009,5,0.0005352,0.000582477,6215.944444,3936.333333,Tree
74,ASG0002kna,9/28/10,5:22:52 PM,9,2010,zebra,2,0,0,1,0,0,0,B05,694892,9727162,Open Woodland/Shrubs,1.5,1013.889717,699.7965626,5742.552009,5,0.0005352,0.000582477,6215.944444,3936.333333,Tree
75,ASG0002knc,9/28/10,6:03:46 PM,9,2010,zebra,2,0,0,1,1,0,0,B05,694892,9727162,Open Woodland/Shrubs,1.5,1013.889717,699.7965626,5742.552009,5,0.0005352,0.000582477,6215.944444,3936.333333,Tree
76,ASG0002knd,9/28/10,6:37:22 PM,9,2010,zebra,1,1,0,0,0,0,0,B05,694892,9727162,Open Woodland/Shrubs,1.5,1013.889717,699.7965626,5742.552009,5,0.0005352,0.000582477,6215.944444,3936.333333,Tree
77,ASG0002kng,9/28/10,7:33:50 PM,9,2010,zebra,1,0,0,1,0,0,0,B05,694892,9727162,Open Woodland/Shrubs,1.5,1013.889717,699.7965626,5742.552009,5,0.0005352,0.000582477,6215.944444,3936.333333,Tree
78,ASG0002knh,9/29/10,8:02:02 AM,9,2010,warthog,1,0,0,1,0,0,0,B05,694892,9727162,Open Woodland/Shrubs,1.5,1013.889717,699.7965626,5742.552009,5,0.0005352,0.000582477,6215.944444,3936.333333,Tree
79,ASG0002kni,9/30/10,5:52:28 AM,9,2010,zebra,1,0,0,1,0,0,0,B05,694892,9727162,Open Woodland/Shrubs,1.5,1013.889717,699.7965626,5742.552009,5,0.0005352,0.000582477,6215.944444,3936.333333,Tree
80,ASG0002knj,9/30/10,6:10:22 AM,9,2010,gazelleThomsons,1,0,0,1,0,0,0,B05,694892,9727162,Open Woodland/Shrubs,1.5,1013.889717,699.7965626,5742.552009,5,0.0005352,0.000582477,6215.944444,3936.333333,Tree
81,ASG0002knk,9/30/10,7:38:08 PM,9,2010,zebra,1,0,0,1,0,0,0,B05,694892,9727162,Open Woodland/Shrubs,1.5,1013.889717,699.7965626,5742.552009,5,0.0005352,0.000582477,6215.944444,3936.333333,Tree
82,ASG0002knl,10/1/10,3:59:38 AM,10,2010,zebra,1,0,0,1,0,0,0,B05,694892,9727162,Open Woodland/Shrubs,1.5,1013.889717,699.7965626,5742.552009,5,0.0005352,0.000582477,6215.944444,3936.333333,Tree
83,ASG0002kno,10/1/10,5:23:36 AM,10,2010,zebra,1,0,0,1,0,0,0,B05,694892,9727162,Open Woodland/Shrubs,1.5,1013.889717,699.7965626,5742.552009,5,0.0005352,0.000582477,6215.944444,3936.333333,Tree
84,ASG0002knw,10/1/10,12:02:34 PM,10,2010,zebra,1,0,0,0,1,0,0,B05,694892,9727162,Open Woodland/Shrubs,1.5,1013.889717,699.7965626,5742.552009,5,0.0005352,0.000582477,6215.944444,3936.333333,Tree
85,ASG0002ko1,10/1/10,1:54:06 PM,10,2010,zebra,1,0,0,1,0,0,0,B05,694892,9727162,Open Woodland/Shrubs,1.5,1013.889717,699.7965626,5742.552009,5,0.0005352,0.000582477,6215.944444,3936.333333,Tree
86,ASG0002ko3,10/1/10,11:05:50 PM,10,2010,hyenaSpotted,1,0,0,1,0,0,0,B05,694892,9727162,Open Woodland/Shrubs,1.5,1013.889717,699.7965626,5742.552009,5,0.0005352,0.000582477,6215.944444,3936.333333,Tree
87,ASG0002ko4,10/2/10,7:00:54 AM,10,2010,zebra,1,0,0,0,1,0,0,B05,694892,9727162,Open Woodland/Shrubs,1.5,1013.889717,699.7965626,5742.552009,5,0.0005352,0.000582477,6215.944444,3936.333333,Tree
88,ASG0002ko5,10/3/10,6:09:10 AM,10,2010,zebra,1,0,0,1,0,0,0,B05,694892,9727162,Open Woodland/Shrubs,1.5,1013.889717,699.7965626,5742.552009,5,0.0005352,0.000582477,6215.944444,3936.333333,Tree
89,ASG0002ko8,10/3/10,9:11:48 AM,10,2010,gazelleGrants,5,1,0,1,1,0,0,B05,694892,9727162,Open Woodland/Shrubs,1.5,1013.889717,699.7965626,5742.552009,5,0.0005352,0.000582477,6215.944444,3936.333333,Tree
90,ASG0002ko9,10/4/10,10:55:28 AM,10,2010,impala,1,1,0,0,0,0,0,B05,694892,9727162,Open Woodland/Shrubs,1.5,1013.889717,699.7965626,5742.552009,5,0.0005352,0.000582477,6215.944444,3936.333333,Tree
91,ASG0002kob,10/4/10,1:32:40 PM,10,2010,gazelleGrants,1,0,0,1,0,0,0,B05,694892,9727162,Open Woodland/Shrubs,1.5,1013.889717,699.7965626,5742.552009,5,0.0005352,0.000582477,6215.944444,3936.333333,Tree
92,ASG0002koc,10/6/10,2:56:06 PM,10,2010,zebra,1,0,0,0,1,0,0,B05,694892,9727162,Open Woodland/Shrubs,1.5,1013.889717,699.7965626,5742.552009,5,0.0005352,0.000582477,6215.944444,3936.333333,Tree
93,ASG0002kod,10/6/10,4:29:18 PM,10,2010,zebra,1,0,0,0,1,0,0,B05,694892,9727162,Open Woodland/Shrubs,1.5,1013.889717,699.7965626,5742.552009,5,0.0005352,0.000582477,6215.944444,3936.333333,Tree
94,ASG0002kof,10/6/10,5:38:10 PM,10,2010,zebra,2,0,0,1,0,0,0,B05,694892,9727162,Open Woodland/Shrubs,1.5,1013.889717,699.7965626,5742.552009,5,0.0005352,0.000582477,6215.944444,3936.333333,Tree
95,ASG0002kol,10/6/10,6:20:48 PM,10,2010,zebra,2,0,0,1,0,0,0,B05,694892,9727162,Open Woodland/Shrubs,1.5,1013.889717,699.7965626,5742.552009,5,0.0005352,0.000582477,6215.944444,3936.333333,Tree
96,ASG0002koo,10/9/10,7:25:48 AM,10,2010,guineaFowl,5,0,0,0,1,0,0,B05,694892,9727162,Open Woodland/Shrubs,1.5,1013.889717,699.7965626,5742.552009,5,0.0005352,0.000582477,6215.944444,3936.333333,Tree
97,ASG0002kop,10/10/10,12:18:46 AM,10,2010,gazelleGrants,1,0,0,1,0,0,0,B05,694892,9727162,Open Woodland/Shrubs,1.5,1013.889717,699.7965626,5742.552009,5,0.0005352,0.000582477,6215.944444,3936.333333,Tree
98,ASG0002koq,10/11/10,12:28:06 PM,10,2010,warthog,1,0,0,0,1,0,0,B05,694892,9727162,Open Woodland/Shrubs,1.5,1013.889717,699.7965626,5742.552009,5,0.0005352,0.000582477,6215.944444,3936.333333,Tree
99,ASG0002kor,10/11/10,12:49:12 PM,10,2010,zebra,1,0,0,1,0,0,0,B05,694892,9727162,Open Woodland/Shrubs,1.5,1013.889717,699.7965626,5742.552009,5,0.0005352,0.000582477,6215.944444,3936.333333,Tree
100,ASG0002kos,10/11/10,1:50:36 PM,10,2010,buffalo,1,0,0,1,0,0,0,B05,694892,9727162,Open Woodland/Shrubs,1.5,1013.889717,699.7965626,5742.552009,5,0.0005352,0.000582477,6215.944444,3936.333333,Tree
101,ASG0002kot,10/11/10,5:39:50 PM,10,2010,zebra,1,0,0,1,0,0,0,B05,694892,9727162,Open Woodland/Shrubs,1.5,1013.889717,699.7965626,5742.552009,5,0.0005352,0.000582477,6215.944444,3936.333333,Tree
102,ASG0002kow,10/12/10,4:21:48 PM,10,2010,zebra,1,0,0,1,0,0,0,B05,694892,9727162,Open Woodland/Shrubs,1.5,1013.889717,699.7965626,5742.552009,5,0.0005352,0.000582477,6215.944444,3936.333333,Tree
103,ASG0002koy,10/12/10,6:06:42 PM,10,2010,zebra,1,0,0,1,0,0,0,B05,694892,9727162,Open Woodland/Shrubs,1.5,1013.889717,699.7965626,5742.552009,5,0.0005352,0.000582477,6215.944444,3936.333333,Tree
104,ASG0002koz,10/12/10,6:56:38 PM,10,2010,zebra,1,1,0,0,0,0,0,B05,694892,9727162,Open Woodland/Shrubs,1.5,1013.889717,699.7965626,5742.552009,5,0.0005352,0.000582477,6215.944444,3936.333333,Tree
105,ASG0002kp0,10/13/10,9:13:14 AM,10,2010,zebra,1,0,0,1,0,0,0,B05,694892,9727162,Open Woodland/Shrubs,1.5,1013.889717,699.7965626,5742.552009,5,0.0005352,0.000582477,6215.944444,3936.333333,Tree
106,ASG0002kp1,10/13/10,6:09:30 PM,10,2010,zebra,1,0,0,0,0,0,0,B05,694892,9727162,Open Woodland/Shrubs,1.5,1013.889717,699.7965626,5742.552009,5,0.0005352,0.000582477,6215.944444,3936.333333,Tree
107,ASG0002kp2,10/13/10,8:30:12 PM,10,2010,zebra,1,0,0,1,0,0,0,B05,694892,9727162,Open Woodland/Shrubs,1.5,1013.889717,699.7965626,5742.552009,5,0.0005352,0.000582477,6215.944444,3936.333333,Tree
108,ASG0002kp3,10/14/10,11:22:20 AM,10,2010,gazelleGrants,4,0,0,1,0,0,0,B05,694892,9727162,Open Woodland/Shrubs,1.5,1013.889717,699.7965626,5742.552009,5,0.0005352,0.000582477,6215.944444,3936.333333,Tree
109,ASG0002kp6,10/14/10,7:32:28 PM,10,2010,hyenaSpotted,1,0,0,1,0,0,0,B05,694892,9727162,Open Woodland/Shrubs,1.5,1013.889717,699.7965626,5742.552009,5,0.0005352,0.000582477,6215.944444,3936.333333,Tree
110,ASG0002kp7,10/14/10,8:46:36 PM,10,2010,zebra,1,0,0,1,0,0,0,B05,694892,9727162,Open Woodland/Shrubs,1.5,1013.889717,699.7965626,5742.552009,5,0.0005352,0.000582477,6215.944444,3936.333333,Tree
111,ASG0002kpb,10/16/10,4:31:06 AM,10,2010,zebra,1,0,0,1,0,0,0,B05,694892,9727162,Open Woodland/Shrubs,1.5,1013.889717,699.7965626,5742.552009,5,0.0005352,0.000582477,6215.944444,3936.333333,Tree
112,ASG0002kpc,10/16/10,8:12:38 AM,10,2010,zebra,3,0,0,0,1,0,0,B05,694892,9727162,Open Woodland/Shrubs,1.5,1013.889717,699.7965626,5742.552009,5,0.0005352,0.000582477,6215.944444,3936.333333,Tree
113,ASG0002kpg,10/16/10,8:30:30 AM,10,2010,wildebeest,1,0,0,1,0,0,0,B05,694892,9727162,Open Woodland/Shrubs,1.5,1013.889717,699.7965626,5742.552009,5,0.0005352,0.000582477,6215.944444,3936.333333,Tree
114,ASG0000019,7/21/10,5:55:46 AM,7,2010,elephant,1,0,0,0,0,0,0,B06,694963,9724748,Dense Woodland,1.5,2935.747739,1104.754274,4573.639611,6.342857143,0.000579536,0.001216255,5703.222222,4065.888889,Tree
115,ASG000001a,7/21/10,5:27:14 PM,7,2010,elephant,1,0,0,1,0,0,0,B06,694963,9724748,Dense Woodland,1.5,2935.747739,1104.754274,4573.639611,6.342857143,0.000579536,0.001216255,5703.222222,4065.888889,Tree
116,ASG000001b,7/22/10,4:49:22 AM,7,2010,leopard,1,0,0,1,0,0,0,B06,694963,9724748,Dense Woodland,1.5,2935.747739,1104.754274,4573.639611,6.342857143,0.000579536,0.001216255,5703.222222,4065.888889,Tree
117,ASG000001d,7/22/10,7:47:24 AM,7,2010,giraffe,1,1,0,0,0,0,0,B06,694963,9724748,Dense Woodland,1.5,2935.747739,1104.754274,4573.639611,6.342857143,0.000579536,0.001216255,5703.222222,4065.888889,Tree
118,ASG000001h,7/23/10,8:27:38 AM,7,2010,dikDik,1,1,0,0,0,0,0,B06,694963,9724748,Dense Woodland,1.5,2935.747739,1104.754274,4573.639611,6.342857143,0.000579536,0.001216255,5703.222222,4065.888889,Tree
119,ASG000001k,7/25/10,7:14:14 AM,7,2010,gazelleThomsons,1,1,0,0,0,0,0,B06,694963,9724748,Dense Woodland,1.5,2935.747739,1104.754274,4573.639611,6.342857143,0.000579536,0.001216255,5703.222222,4065.888889,Tree
120,ASG000001m,7/25/10,8:49:18 AM,7,2010,impala,6,1,0,0,1,0,0,B06,694963,9724748,Dense Woodland,1.5,2935.747739,1104.754274,4573.639611,6.342857143,0.000579536,0.001216255,5703.222222,4065.888889,Tree
121,ASG000001t,7/28/10,12:18:24 AM,7,2010,reedbuck,1,1,0,0,0,0,0,B06,694963,9724748,Dense Woodland,1.5,2935.747739,1104.754274,4573.639611,6.342857143,0.000579536,0.001216255,5703.222222,4065.888889,Tree
122,ASG000001u,7/28/10,12:25:14 AM,7,2010,dikDik,1,0,0,1,0,0,0,B06,694963,9724748,Dense Woodland,1.5,2935.747739,1104.754274,4573.639611,6.342857143,0.000579536,0.001216255,5703.222222,4065.888889,Tree
123,ASG000001x,7/29/10,10:47:32 AM,7,2010,zebra,5,1,0,0,0,0,0,B06,694963,9724748,Dense Woodland,1.5,2935.747739,1104.754274,4573.639611,6.342857143,0.000579536,0.001216255,5703.222222,4065.888889,Tree
124,ASG0000023,7/31/10,10:51:36 AM,7,2010,elephant,2,0,0,0,0,0,0,B06,694963,9724748,Dense Woodland,1.5,2935.747739,1104.754274,4573.639611,6.342857143,0.000579536,0.001216255,5703.222222,4065.888889,Tree
125,ASG0000025,7/31/10,12:19:46 PM,7,2010,elephant,6,0,0,1,0,0,0,B06,694963,9724748,Dense Woodland,1.5,2935.747739,1104.754274,4573.639611,6.342857143,0.000579536,0.001216255,5703.222222,4065.888889,Tree
126,ASG0000026,7/31/10,3:26:40 PM,7,2010,gazelleGrants,1,1,0,0,0,0,0,B06,694963,9724748,Dense Woodland,1.5,2935.747739,1104.754274,4573.639611,6.342857143,0.000579536,0.001216255,5703.222222,4065.888889,Tree
127,ASG000002c,8/1/10,4:28:02 PM,8,2010,zebra,1,0,0,0,0,0,0,B06,694963,9724748,Dense Woodland,1.5,2935.747739,1104.754274,4573.639611,6.342857143,0.000579536,0.001216255,5703.222222,4065.888889,Tree
128,ASG000002e,8/2/10,3:22:52 PM,8,2010,elephant,1,1,0,0,0,0,0,B06,694963,9724748,Dense Woodland,1.5,2935.747739,1104.754274,4573.639611,6.342857143,0.000579536,0.001216255,5703.222222,4065.888889,Tree
129,ASG000002m,8/3/10,5:35:48 AM,8,2010,elephant,1,0,0,1,0,0,0,B06,694963,9724748,Dense Woodland,1.5,2935.747739,1104.754274,4573.639611,6.342857143,0.000579536,0.001216255,5703.222222,4065.888889,Tree
130,ASG000002n,8/3/10,8:57:56 AM,8,2010,impala,1,0,0,1,0,0,0,B06,694963,9724748,Dense Woodland,1.5,2935.747739,1104.754274,4573.639611,6.342857143,0.000579536,0.001216255,5703.222222,4065.888889,Tree
131,ASG000002o,8/3/10,11:11:06 AM,8,2010,impala,2,1,0,0,1,0,0,B06,694963,9724748,Dense Woodland,1.5,2935.747739,1104.754274,4573.639611,6.342857143,0.000579536,0.001216255,5703.222222,4065.888889,Tree
132,ASG000002q,8/3/10,11:27:02 AM,8,2010,gazelleGrants,1,1,0,0,0,0,0,B06,694963,9724748,Dense Woodland,1.5,2935.747739,1104.754274,4573.639611,6.342857143,0.000579536,0.001216255,5703.222222,4065.888889,Tree
133,ASG000002s,8/3/10,12:43:40 PM,8,2010,gazelleGrants,1,0,0,0,0,0,0,B06,694963,9724748,Dense Woodland,1.5,2935.747739,1104.754274,4573.639611,6.342857143,0.000579536,0.001216255,5703.222222,4065.888889,Tree
134,ASG000002t,8/3/10,1:12:12 PM,8,2010,impala,1,0,0,0,0,0,0,B06,694963,9724748,Dense Woodland,1.5,2935.747739,1104.754274,4573.639611,6.342857143,0.000579536,0.001216255,5703.222222,4065.888889,Tree
135,ASG000002u,8/3/10,1:36:34 PM,8,2010,elephant,3,0,0,1,0,0,0,B06,694963,9724748,Dense Woodland,1.5,2935.747739,1104.754274,4573.639611,6.342857143,0.000579536,0.001216255,5703.222222,4065.888889,Tree
136,ASG000002y,8/4/10,4:55:18 AM,8,2010,dikDik,1,0,0,1,0,0,0,B06,694963,9724748,Dense Woodland,1.5,2935.747739,1104.754274,4573.639611,6.342857143,0.000579536,0.001216255,5703.222222,4065.888889,Tree
137,ASG0000030,8/4/10,12:07:12 PM,8,2010,gazelleGrants,1,0,0,1,0,0,0,B06,694963,9724748,Dense Woodland,1.5,2935.747739,1104.754274,4573.639611,6.342857143,0.000579536,0.001216255,5703.222222,4065.888889,Tree
138,ASG0000031,8/4/10,12:20:04 PM,8,2010,impala,1,0,0,0,0,0,0,B06,694963,9724748,Dense Woodland,1.5,2935.747739,1104.754274,4573.639611,6.342857143,0.000579536,0.001216255,5703.222222,4065.888889,Tree
139,ASG0000033,8/5/10,10:57:14 AM,8,2010,gazelleGrants,2,1,0,0,0,0,0,B06,694963,9724748,Dense Woodland,1.5,2935.747739,1104.754274,4573.639611,6.342857143,0.000579536,0.001216255,5703.222222,4065.888889,Tree
140,ASG0000036,8/6/10,4:53:24 PM,8,2010,impala,1,0,0,0,0,0,0,B06,694963,9724748,Dense Woodland,1.5,2935.747739,1104.754274,4573.639611,6.342857143,0.000579536,0.001216255,5703.222222,4065.888889,Tree
141,ASG0000038,8/7/10,9:07:04 AM,8,2010,impala,1,0,0,0,0,0,0,B06,694963,9724748,Dense Woodland,1.5,2935.747739,1104.754274,4573.639611,6.342857143,0.000579536,0.001216255,5703.222222,4065.888889,Tree
142,ASG0002kpr,8/11/10,8:06:18 AM,8,2010,impala,1,1,0,0,0,0,0,B06,694963,9724748,Dense Woodland,1.5,2935.747739,1104.754274,4573.639611,6.342857143,0.000579536,0.001216255,5703.222222,4065.888889,Tree
143,ASG0002kpt,8/11/10,5:12:48 PM,8,2010,gazelleGrants,2,0,0,1,0,0,0,B06,694963,9724748,Dense Woodland,1.5,2935.747739,1104.754274,4573.639611,6.342857143,0.000579536,0.001216255,5703.222222,4065.888889,Tree
144,ASG0002kpw,8/14/10,8:54:04 AM,8,2010,impala,3,0,0,1,0,0,0,B06,694963,9724748,Dense Woodland,1.5,2935.747739,1104.754274,4573.639611,6.342857143,0.000579536,0.001216255,5703.222222,4065.888889,Tree
145,ASG0002kpx,8/14/10,8:55:40 AM,8,2010,reedbuck,4,0,0,1,1,0,0,B06,694963,9724748,Dense Woodland,1.5,2935.747739,1104.754274,4573.639611,6.342857143,0.000579536,0.001216255,5703.222222,4065.888889,Tree
146,ASG0002kpy,8/16/10,12:42:18 PM,8,2010,elephant,1,0,0,1,0,0,0,B06,694963,9724748,Dense Woodland,1.5,2935.747739,1104.754274,4573.639611,6.342857143,0.000579536,0.001216255,5703.222222,4065.888889,Tree
147,ASG0002kpz,8/17/10,5:23:14 PM,8,2010,impala,1,0,0,1,0,0,0,B06,694963,9724748,Dense Woodland,1.5,2935.747739,1104.754274,4573.639611,6.342857143,0.000579536,0.001216255,5703.222222,4065.888889,Tree
148,ASG0002kq0,8/19/10,3:12:02 AM,8,2010,porcupine,2,0,0,1,0,0,0,B06,694963,9724748,Dense Woodland,1.5,2935.747739,1104.754274,4573.639611,6.342857143,0.000579536,0.001216255,5703.222222,4065.888889,Tree
149,ASG0002kq2,8/19/10,7:15:26 AM,8,2010,impala,3,0,0,1,0,0,0,B06,694963,9724748,Dense Woodland,1.5,2935.747739,1104.754274,4573.639611,6.342857143,0.000579536,0.001216255,5703.222222,4065.888889,Tree
150,ASG0002kq4,8/19/10,8:38:36 AM,8,2010,dikDik,1,0,0,1,0,0,0,B06,694963,9724748,Dense Woodland,1.5,2935.747739,1104.754274,4573.639611,6.342857143,0.000579536,0.001216255,5703.222222,4065.888889,Tree
151,ASG0002kq5,8/19/10,8:52:14 AM,8,2010,gazelleThomsons,1,0,0,0,1,0,0,B06,694963,9724748,Dense Woodland,1.5,2935.747739,1104.754274,4573.639611,6.342857143,0.000579536,0.001216255,5703.222222,4065.888889,Tree
152,ASG0002kq7,8/21/10,1:11:36 AM,8,2010,hyenaSpotted,1,1,0,0,0,0,0,B06,694963,9724748,Dense Woodland,1.5,2935.747739,1104.754274,4573.639611,6.342857143,0.000579536,0.001216255,5703.222222,4065.888889,Tree
153,ASG0002kq8,8/21/10,10:58:34 PM,8,2010,hyenaSpotted,1,0,0,1,0,0,0,B06,694963,9724748,Dense Woodland,1.5,2935.747739,1104.754274,4573.639611,6.342857143,0.000579536,0.001216255,5703.222222,4065.888889,Tree
154,ASG0002kq9,8/22/10,7:02:16 AM,8,2010,gazelleGrants,1,0,0,1,0,0,0,B06,694963,9724748,Dense Woodland,1.5,2935.747739,1104.754274,4573.639611,6.342857143,0.000579536,0.001216255,5703.222222,4065.888889,Tree
155,ASG0002kqq,8/24/10,2:25:56 PM,8,2010,zebra,1,0,0,1,0,0,0,B06,694963,9724748,Dense Woodland,1.5,2935.747739,1104.754274,4573.639611,6.342857143,0.000579536,0.001216255,5703.222222,4065.888889,Tree
156,ASG0002kqt,8/24/10,7:03:32 PM,8,2010,impala,1,0,0,1,0,0,0,B06,694963,9724748,Dense Woodland,1.5,2935.747739,1104.754274,4573.639611,6.342857143,0.000579536,0.001216255,5703.222222,4065.888889,Tree
157,ASG0002kqu,8/24/10,9:45:02 PM,8,2010,dikDik,1,0,0,1,0,0,0,B06,694963,9724748,Dense Woodland,1.5,2935.747739,1104.754274,4573.639611,6.342857143,0.000579536,0.001216255,5703.222222,4065.888889,Tree
158,ASG0002kqv,8/25/10,7:26:48 AM,8,2010,impala,1,0,0,1,0,0,0,B06,694963,9724748,Dense Woodland,1.5,2935.747739,1104.754274,4573.639611,6.342857143,0.000579536,0.001216255,5703.222222,4065.888889,Tree
159,ASG0002kqw,8/25/10,7:28:50 AM,8,2010,zebra,1,0,0,1,0,0,0,B06,694963,9724748,Dense Woodland,1.5,2935.747739,1104.754274,4573.639611,6.342857143,0.000579536,0.001216255,5703.222222,4065.888889,Tree
160,ASG0002kqz,8/25/10,7:42:10 AM,8,2010,gazelleGrants,3,0,0,1,0,0,0,B06,694963,9724748,Dense Woodland,1.5,2935.747739,1104.754274,4573.639611,6.342857143,0.000579536,0.001216255,5703.222222,4065.888889,Tree
161,ASG0002kr1,8/25/10,8:05:48 AM,8,2010,gazelleThomsons,1,0,0,1,0,0,0,B06,694963,9724748,Dense Woodland,1.5,2935.747739,1104.754274,4573.639611,6.342857143,0.000579536,0.001216255,5703.222222,4065.888889,Tree
162,ASG0002kr2,8/25/10,1:41:26 PM,8,2010,impala,6,0,0,0,1,0,0,B06,694963,9724748,Dense Woodland,1.5,2935.747739,1104.754274,4573.639611,6.342857143,0.000579536,0.001216255,5703.222222,4065.888889,Tree
163,ASG0002kr5,8/25/10,2:00:54 PM,8,2010,gazelleThomsons,1,0,0,1,0,0,0,B06,694963,9724748,Dense Woodland,1.5,2935.747739,1104.754274,4573.639611,6.342857143,0.000579536,0.001216255,5703.222222,4065.888889,Tree
164,ASG0002kr6,8/26/10,5:14:16 PM,8,2010,impala,2,0,0,1,1,0,0,B06,694963,9724748,Dense Woodland,1.5,2935.747739,1104.754274,4573.639611,6.342857143,0.000579536,0.001216255,5703.222222,4065.888889,Tree
165,ASG0002kr7,8/26/10,5:18:08 PM,8,2010,zebra,1,0,0,0,1,0,0,B06,694963,9724748,Dense Woodland,1.5,2935.747739,1104.754274,4573.639611,6.342857143,0.000579536,0.001216255,5703.222222,4065.888889,Tree
166,ASG0002kra,8/27/10,8:59:12 AM,8,2010,impala,1,0,0,1,0,0,0,B06,694963,9724748,Dense Woodland,1.5,2935.747739,1104.754274,4573.639611,6.342857143,0.000579536,0.001216255,5703.222222,4065.888889,Tree
167,ASG0002krc,8/27/10,10:48:58 PM,8,2010,hyenaSpotted,1,0,0,1,0,0,0,B06,694963,9724748,Dense Woodland,1.5,2935.747739,1104.754274,4573.639611,6.342857143,0.000579536,0.001216255,5703.222222,4065.888889,Tree
168,ASG0002krd,8/28/10,8:57:40 AM,8,2010,dikDik,1,0,0,1,0,0,0,B06,694963,9724748,Dense Woodland,1.5,2935.747739,1104.754274,4573.639611,6.342857143,0.000579536,0.001216255,5703.222222,4065.888889,Tree
169,ASG0002kre,8/29/10,3:22:38 AM,8,2010,porcupine,1,0,0,1,0,0,0,B06,694963,9724748,Dense Woodland,1.5,2935.747739,1104.754274,4573.639611,6.342857143,0.000579536,0.001216255,5703.222222,4065.888889,Tree
170,ASG0002krf,8/29/10,7:29:28 AM,8,2010,dikDik,1,0,0,1,0,0,0,B06,694963,9724748,Dense Woodland,1.5,2935.747739,1104.754274,4573.639611,6.342857143,0.000579536,0.001216255,5703.222222,4065.888889,Tree
171,ASG0002krg,8/29/10,9:18:16 AM,8,2010,guineaFowl,5,0,0,1,1,0,0,B06,694963,9724748,Dense Woodland,1.5,2935.747739,1104.754274,4573.639611,6.342857143,0.000579536,0.001216255,5703.222222,4065.888889,Tree
172,ASG0002krh,8/29/10,10:41:30 AM,8,2010,impala,1,0,0,1,0,0,0,B06,694963,9724748,Dense Woodland,1.5,2935.747739,1104.754274,4573.639611,6.342857143,0.000579536,0.001216255,5703.222222,4065.888889,Tree
173,ASG0002krl,8/30/10,8:24:46 AM,8,2010,impala,1,0,0,1,0,0,0,B06,694963,9724748,Dense Woodland,1.5,2935.747739,1104.754274,4573.639611,6.342857143,0.000579536,0.001216255,5703.222222,4065.888889,Tree
174,ASG0002krq,8/30/10,5:09:10 PM,8,2010,gazelleThomsons,1,0,0,1,0,0,0,B06,694963,9724748,Dense Woodland,1.5,2935.747739,1104.754274,4573.639611,6.342857143,0.000579536,0.001216255,5703.222222,4065.888889,Tree
175,ASG0002krt,8/31/10,7:28:12 AM,8,2010,dikDik,1,0,0,1,0,0,0,B06,694963,9724748,Dense Woodland,1.5,2935.747739,1104.754274,4573.639611,6.342857143,0.000579536,0.001216255,5703.222222,4065.888889,Tree
176,ASG0002kry,8/31/10,5:13:02 PM,8,2010,impala,1,0,0,1,0,0,0,B06,694963,9724748,Dense Woodland,1.5,2935.747739,1104.754274,4573.639611,6.342857143,0.000579536,0.001216255,5703.222222,4065.888889,Tree
177,ASG0002ks0,9/1/10,12:51:32 AM,9,2010,porcupine,1,0,0,1,0,0,0,B06,694963,9724748,Dense Woodland,1.5,2935.747739,1104.754274,4573.639611,6.342857143,0.000579536,0.001216255,5703.222222,4065.888889,Tree
178,ASG0002ks1,9/1/10,5:41:48 PM,9,2010,warthog,1,0,0,1,0,0,0,B06,694963,9724748,Dense Woodland,1.5,2935.747739,1104.754274,4573.639611,6.342857143,0.000579536,0.001216255,5703.222222,4065.888889,Tree
179,ASG0002ks2,9/1/10,7:02:36 PM,9,2010,reedbuck,1,0,0,1,0,0,0,B06,694963,9724748,Dense Woodland,1.5,2935.747739,1104.754274,4573.639611,6.342857143,0.000579536,0.001216255,5703.222222,4065.888889,Tree
180,ASG0002ks3,9/2/10,1:30:38 AM,9,2010,dikDik,1,0,0,1,0,0,0,B06,694963,9724748,Dense Woodland,1.5,2935.747739,1104.754274,4573.639611,6.342857143,0.000579536,0.001216255,5703.222222,4065.888889,Tree
181,ASG0002ks5,9/2/10,7:48:50 AM,9,2010,gazelleThomsons,1,0,0,1,0,0,0,B06,694963,9724748,Dense Woodland,1.5,2935.747739,1104.754274,4573.639611,6.342857143,0.000579536,0.001216255,5703.222222,4065.888889,Tree
182,ASG0002ksb,9/2/10,5:30:36 PM,9,2010,dikDik,1,0,0,1,0,0,0,B06,694963,9724748,Dense Woodland,1.5,2935.747739,1104.754274,4573.639611,6.342857143,0.000579536,0.001216255,5703.222222,4065.888889,Tree
183,ASG0002ksc,9/2/10,6:55:56 PM,9,2010,gazelleThomsons,1,0,0,1,0,0,0,B06,694963,9724748,Dense Woodland,1.5,2935.747739,1104.754274,4573.639611,6.342857143,0.000579536,0.001216255,5703.222222,4065.888889,Tree
184,ASG0002ksd,9/3/10,3:03:52 AM,9,2010,gazelleThomsons,1,0,0,1,0,0,0,B06,694963,9724748,Dense Woodland,1.5,2935.747739,1104.754274,4573.639611,6.342857143,0.000579536,0.001216255,5703.222222,4065.888889,Tree
185,ASG0002ksg,9/3/10,6:04:48 PM,9,2010,zebra,2,0,0,1,0,0,0,B06,694963,9724748,Dense Woodland,1.5,2935.747739,1104.754274,4573.639611,6.342857143,0.000579536,0.001216255,5703.222222,4065.888889,Tree
186,ASG0002l9y,9/8/10,1:37:00 AM,9,2010,gazelleThomsons,1,0,0,1,0,0,0,B07,695026,9722578,Grassland w/Trees,2,1259.639695,1285.152173,4466.605015,6.176470588,0.000651795,0.001029718,5893.944444,3862.888889,Tree
187,ASG0002la1,9/8/10,5:56:02 PM,9,2010,gazelleThomsons,1,1,0,0,0,0,0,B07,695026,9722578,Grassland w/Trees,2,1259.639695,1285.152173,4466.605015,6.176470588,0.000651795,0.001029718,5893.944444,3862.888889,Tree
188,ASG0002la2,9/9/10,11:15:28 AM,9,2010,gazelleThomsons,1,0,0,1,0,0,0,B07,695026,9722578,Grassland w/Trees,2,1259.639695,1285.152173,4466.605015,6.176470588,0.000651795,0.001029718,5893.944444,3862.888889,Tree
189,ASG0002la3,9/9/10,2:19:44 PM,9,2010,gazelleGrants,1,0,0,1,0,0,0,B07,695026,9722578,Grassland w/Trees,2,1259.639695,1285.152173,4466.605015,6.176470588,0.000651795,0.001029718,5893.944444,3862.888889,Tree
190,ASG0002la4,9/9/10,2:40:14 PM,9,2010,gazelleThomsons,1,1,0,0,0,0,0,B07,695026,9722578,Grassland w/Trees,2,1259.639695,1285.152173,4466.605015,6.176470588,0.000651795,0.001029718,5893.944444,3862.888889,Tree
191,ASG0002la5,9/10/10,11:55:32 AM,9,2010,zebra,1,0,0,1,0,0,0,B07,695026,9722578,Grassland w/Trees,2,1259.639695,1285.152173,4466.605015,6.176470588,0.000651795,0.001029718,5893.944444,3862.888889,Tree
192,ASG0002la8,9/10/10,12:09:38 PM,9,2010,gazelleThomsons,1,0,0,1,0,0,0,B07,695026,9722578,Grassland w/Trees,2,1259.639695,1285.152173,4466.605015,6.176470588,0.000651795,0.001029718,5893.944444,3862.888889,Tree
193,ASG0002la9,9/10/10,2:07:52 PM,9,2010,gazelleThomsons,1,0,0,1,0,0,0,B07,695026,9722578,Grassland w/Trees,2,1259.639695,1285.152173,4466.605015,6.176470588,0.000651795,0.001029718,5893.944444,3862.888889,Tree
194,ASG0002laa,9/10/10,3:27:20 PM,9,2010,gazelleThomsons,1,0,0,0,0,0,0,B07,695026,9722578,Grassland w/Trees,2,1259.639695,1285.152173,4466.605015,6.176470588,0.000651795,0.001029718,5893.944444,3862.888889,Tree
195,ASG0002lac,9/11/10,12:49:48 AM,9,2010,hyenaSpotted,1,0,0,1,0,0,0,B07,695026,9722578,Grassland w/Trees,2,1259.639695,1285.152173,4466.605015,6.176470588,0.000651795,0.001029718,5893.944444,3862.888889,Tree
196,ASG0002lad,9/12/10,2:31:38 PM,9,2010,giraffe,1,0,0,0,0,0,0,B07,695026,9722578,Grassland w/Trees,2,1259.639695,1285.152173,4466.605015,6.176470588,0.000651795,0.001029718,5893.944444,3862.888889,Tree
197,ASG0002lae,9/13/10,11:23:44 AM,9,2010,gazelleThomsons,2,0,0,0,1,0,0,B07,695026,9722578,Grassland w/Trees,2,1259.639695,1285.152173,4466.605015,6.176470588,0.000651795,0.001029718,5893.944444,3862.888889,Tree
198,ASG0002lah,9/14/10,12:23:28 PM,9,2010,zebra,1,0,0,1,0,0,0,B07,695026,9722578,Grassland w/Trees,2,1259.639695,1285.152173,4466.605015,6.176470588,0.000651795,0.001029718,5893.944444,3862.888889,Tree
199,ASG0002lai,9/14/10,2:08:44 PM,9,2010,gazelleGrants,2,0,0,1,0,0,0,B07,695026,9722578,Grassland w/Trees,2,1259.639695,1285.152173,4466.605015,6.176470588,0.000651795,0.001029718,5893.944444,3862.888889,Tree
200,ASG0002laj,9/14/10,2:32:12 PM,9,2010,gazelleThomsons,1,0,0,0,1,0,0,B07,695026,9722578,Grassland w/Trees,2,1259.639695,1285.152173,4466.605015,6.176470588,0.000651795,0.001029718,5893.944444,3862.888889,Tree